[{"model": "admin.logentry", "pk": 1, "fields": {"action_time": "2024-08-28T10:28:38.393Z", "user": 1, "content_type": 7, "object_id": "1", "object_repr": "Farg'ona BYD", "action_flag": 1, "change_message": "[{\"added\": {}}]"}}, {"model": "admin.logentry", "pk": 2, "fields": {"action_time": "2024-08-28T10:28:51.068Z", "user": 1, "content_type": 6, "object_id": "1", "object_repr": "admin", "action_flag": 2, "change_message": "[{\"changed\": {\"fields\": [\"First name\", \"Last name\", \"Phone number\", \"Branch\", \"Role\", \"Position\"]}}]"}}, {"model": "admin.logentry", "pk": 3, "fields": {"action_time": "2024-08-28T10:29:08.717Z", "user": 1, "content_type": 6, "object_id": "2", "object_repr": "manager", "action_flag": 1, "change_message": "[{\"added\": {}}]"}}, {"model": "admin.logentry", "pk": 4, "fields": {"action_time": "2024-08-28T10:29:23.745Z", "user": 1, "content_type": 6, "object_id": "2", "object_repr": "manager", "action_flag": 2, "change_message": "[{\"changed\": {\"fields\": [\"First name\", \"Last name\", \"Phone number\", \"Branch\", \"Role\", \"Position\", \"Staff status\"]}}]"}}, {"model": "admin.logentry", "pk": 5, "fields": {"action_time": "2024-08-28T10:29:44.475Z", "user": 1, "content_type": 6, "object_id": "3", "object_repr": "staff", "action_flag": 1, "change_message": "[{\"added\": {}}]"}}, {"model": "admin.logentry", "pk": 6, "fields": {"action_time": "2024-08-28T10:30:11.116Z", "user": 1, "content_type": 6, "object_id": "3", "object_repr": "staff", "action_flag": 2, "change_message": "[{\"changed\": {\"fields\": [\"First name\", \"Last name\", \"Phone number\", \"Branch\", \"Position\", \"Staff status\"]}}]"}}, {"model": "admin.logentry", "pk": 7, "fields": {"action_time": "2024-08-28T10:30:24.494Z", "user": 1, "content_type": 6, "object_id": "4", "object_repr": "worker", "action_flag": 1, "change_message": "[{\"added\": {}}]"}}, {"model": "admin.logentry", "pk": 8, "fields": {"action_time": "2024-08-28T10:30:50.718Z", "user": 1, "content_type": 6, "object_id": "4", "object_repr": "worker", "action_flag": 2, "change_message": "[{\"changed\": {\"fields\": [\"First name\", \"Last name\", \"Phone number\", \"Branch\", \"Role\", \"Staff status\"]}}]"}}, {"model": "admin.logentry", "pk": 9, "fields": {"action_time": "2024-08-28T10:34:18.455Z", "user": 1, "content_type": 6, "object_id": "5", "object_repr": "karimov", "action_flag": 3, "change_message": ""}}, {"model": "admin.logentry", "pk": 10, "fields": {"action_time": "2024-09-02T15:37:51.985Z", "user": 1, "content_type": 14, "object_id": "6", "object_repr": "wewq", "action_flag": 3, "change_message": ""}}, {"model": "admin.logentry", "pk": 11, "fields": {"action_time": "2024-09-02T15:37:52.032Z", "user": 1, "content_type": 14, "object_id": "5", "object_repr": "423", "action_flag": 3, "change_message": ""}}, {"model": "admin.logentry", "pk": 12, "fields": {"action_time": "2024-09-02T15:37:52.052Z", "user": 1, "content_type": 14, "object_id": "4", "object_repr": "sdadas", "action_flag": 3, "change_message": ""}}, {"model": "admin.logentry", "pk": 13, "fields": {"action_time": "2024-09-02T15:37:52.077Z", "user": 1, "content_type": 14, "object_id": "3", "object_repr": "Такси", "action_flag": 3, "change_message": ""}}, {"model": "admin.logentry", "pk": 14, "fields": {"action_time": "2024-09-03T07:56:55.665Z", "user": 1, "content_type": 9, "object_id": "2", "object_repr": "Мохларой: Tracker 2", "action_flag": 3, "change_message": ""}}, {"model": "admin.logentry", "pk": 15, "fields": {"action_time": "2024-09-03T07:56:55.686Z", "user": 1, "content_type": 9, "object_id": "1", "object_repr": "Otabek: BYD", "action_flag": 3, "change_message": ""}}, {"model": "admin.logentry", "pk": 16, "fields": {"action_time": "2024-09-03T07:57:31.138Z", "user": 1, "content_type": 8, "object_id": "2", "object_repr": "Мохларой Ахмаджонова", "action_flag": 3, "change_message": ""}}, {"model": "admin.logentry", "pk": 17, "fields": {"action_time": "2024-09-03T07:57:31.160Z", "user": 1, "content_type": 8, "object_id": "1", "object_repr": "Otabek Tursunov", "action_flag": 3, "change_message": ""}}, {"model": "admin.logentry", "pk": 18, "fields": {"action_time": "2024-09-03T07:57:41.735Z", "user": 1, "content_type": 10, "object_id": "2", "object_repr": "Алишер ака Тошкент", "action_flag": 3, "change_message": ""}}, {"model": "admin.logentry", "pk": 19, "fields": {"action_time": "2024-09-03T07:57:41.759Z", "user": 1, "content_type": 10, "object_id": "1", "object_repr": "Qo'qon Auto Oil", "action_flag": 3, "change_message": ""}}, {"model": "admin.logentry", "pk": 20, "fields": {"action_time": "2024-09-03T07:57:51.701Z", "user": 1, "content_type": 12, "object_id": "2", "object_repr": "Шина 100.0", "action_flag": 3, "change_message": ""}}, {"model": "admin.logentry", "pk": 21, "fields": {"action_time": "2024-09-03T07:57:51.725Z", "user": 1, "content_type": 12, "object_id": "1", "object_repr": "MAN  0 5l 10.0", "action_flag": 3, "change_message": ""}}, {"model": "admin.logentry", "pk": 22, "fields": {"action_time": "2024-09-03T07:58:00.923Z", "user": 1, "content_type": 11, "object_id": "4", "object_repr": "Шина", "action_flag": 3, "change_message": ""}}, {"model": "admin.logentry", "pk": 23, "fields": {"action_time": "2024-09-03T07:58:00.949Z", "user": 1, "content_type": 11, "object_id": "3", "object_repr": "BYD Shina", "action_flag": 3, "change_message": ""}}, {"model": "admin.logentry", "pk": 24, "fields": {"action_time": "2024-09-03T07:58:00.972Z", "user": 1, "content_type": 11, "object_id": "2", "object_repr": "Oil 5l", "action_flag": 3, "change_message": ""}}, {"model": "admin.logentry", "pk": 25, "fields": {"action_time": "2024-09-03T07:58:00.996Z", "user": 1, "content_type": 11, "object_id": "1", "object_repr": "MAN  0 5l", "action_flag": 3, "change_message": ""}}, {"model": "admin.logentry", "pk": 26, "fields": {"action_time": "2024-09-03T07:58:15.619Z", "user": 1, "content_type": 13, "object_id": "1", "object_repr": "Chexol yetkazib berish", "action_flag": 3, "change_message": ""}}, {"model": "admin.logentry", "pk": 27, "fields": {"action_time": "2024-09-03T07:58:51.208Z", "user": 1, "content_type": 19, "object_id": "2", "object_repr": "Salary object (2)", "action_flag": 3, "change_message": ""}}, {"model": "admin.logentry", "pk": 28, "fields": {"action_time": "2024-09-03T07:58:51.230Z", "user": 1, "content_type": 19, "object_id": "1", "object_repr": "Salary object (1)", "action_flag": 3, "change_message": ""}}, {"model": "admin.logentry", "pk": 29, "fields": {"action_time": "2024-09-03T07:59:01.595Z", "user": 1, "content_type": 15, "object_id": "8", "object_repr": "None: 22000000.0", "action_flag": 3, "change_message": ""}}, {"model": "admin.logentry", "pk": 30, "fields": {"action_time": "2024-09-03T07:59:01.629Z", "user": 1, "content_type": 15, "object_id": "7", "object_repr": "None: 0.0", "action_flag": 3, "change_message": ""}}, {"model": "admin.logentry", "pk": 31, "fields": {"action_time": "2024-09-03T07:59:01.650Z", "user": 1, "content_type": 15, "object_id": "6", "object_repr": "None: 2400000.0", "action_flag": 3, "change_message": ""}}, {"model": "admin.logentry", "pk": 32, "fields": {"action_time": "2024-09-03T07:59:01.672Z", "user": 1, "content_type": 15, "object_id": "5", "object_repr": "None: 2400000.0", "action_flag": 3, "change_message": ""}}, {"model": "admin.logentry", "pk": 33, "fields": {"action_time": "2024-09-03T07:59:01.726Z", "user": 1, "content_type": 15, "object_id": "4", "object_repr": "None: 5800000.0", "action_flag": 3, "change_message": ""}}, {"model": "admin.logentry", "pk": 34, "fields": {"action_time": "2024-09-03T07:59:01.743Z", "user": 1, "content_type": 15, "object_id": "3", "object_repr": "None: 0.0", "action_flag": 3, "change_message": ""}}, {"model": "admin.logentry", "pk": 35, "fields": {"action_time": "2024-09-03T07:59:01.764Z", "user": 1, "content_type": 15, "object_id": "2", "object_repr": "None: 1000000.0", "action_flag": 3, "change_message": ""}}, {"model": "admin.logentry", "pk": 36, "fields": {"action_time": "2024-09-03T07:59:01.788Z", "user": 1, "content_type": 15, "object_id": "1", "object_repr": "None: 4000000.0", "action_flag": 3, "change_message": ""}}, {"model": "admin.logentry", "pk": 37, "fields": {"action_time": "2024-09-03T07:59:20.318Z", "user": 1, "content_type": 17, "object_id": "2", "object_repr": "None: None", "action_flag": 3, "change_message": ""}}, {"model": "admin.logentry", "pk": 38, "fields": {"action_time": "2024-09-03T07:59:20.342Z", "user": 1, "content_type": 17, "object_id": "1", "object_repr": "None: None", "action_flag": 3, "change_message": ""}}, {"model": "admin.logentry", "pk": 39, "fields": {"action_time": "2024-09-03T07:59:51.156Z", "user": 1, "content_type": 16, "object_id": "5", "object_repr": "None: None", "action_flag": 3, "change_message": ""}}, {"model": "admin.logentry", "pk": 40, "fields": {"action_time": "2024-09-03T07:59:51.180Z", "user": 1, "content_type": 16, "object_id": "4", "object_repr": "None: None", "action_flag": 3, "change_message": ""}}, {"model": "admin.logentry", "pk": 41, "fields": {"action_time": "2024-09-03T07:59:51.205Z", "user": 1, "content_type": 16, "object_id": "3", "object_repr": "None: None", "action_flag": 3, "change_message": ""}}, {"model": "admin.logentry", "pk": 42, "fields": {"action_time": "2024-09-03T07:59:51.229Z", "user": 1, "content_type": 16, "object_id": "2", "object_repr": "None: None", "action_flag": 3, "change_message": ""}}, {"model": "admin.logentry", "pk": 43, "fields": {"action_time": "2024-09-03T07:59:51.253Z", "user": 1, "content_type": 16, "object_id": "1", "object_repr": "None: None", "action_flag": 3, "change_message": ""}}, {"model": "admin.logentry", "pk": 44, "fields": {"action_time": "2024-09-03T08:00:01.832Z", "user": 1, "content_type": 18, "object_id": "4", "object_repr": "привезли запчасти", "action_flag": 3, "change_message": ""}}, {"model": "admin.logentry", "pk": 45, "fields": {"action_time": "2024-09-03T08:00:01.854Z", "user": 1, "content_type": 18, "object_id": "3", "object_repr": "dsafd", "action_flag": 3, "change_message": ""}}, {"model": "admin.logentry", "pk": 46, "fields": {"action_time": "2024-09-03T08:00:15.269Z", "user": 1, "content_type": 14, "object_id": "2", "object_repr": "Abed uchun", "action_flag": 3, "change_message": ""}}, {"model": "admin.logentry", "pk": 47, "fields": {"action_time": "2024-09-03T08:00:15.296Z", "user": 1, "content_type": 14, "object_id": "1", "object_repr": "STANDART", "action_flag": 3, "change_message": ""}}, {"model": "admin.logentry", "pk": 48, "fields": {"action_time": "2024-09-03T08:01:54.687Z", "user": 1, "content_type": 6, "object_id": "9", "object_repr": "akmaljon", "action_flag": 3, "change_message": ""}}, {"model": "admin.logentry", "pk": 49, "fields": {"action_time": "2024-09-03T08:01:54.707Z", "user": 1, "content_type": 6, "object_id": "8", "object_repr": "islomjon1", "action_flag": 3, "change_message": ""}}, {"model": "admin.logentry", "pk": 50, "fields": {"action_time": "2024-09-03T08:01:54.728Z", "user": 1, "content_type": 6, "object_id": "6", "object_repr": "karimov", "action_flag": 3, "change_message": ""}}, {"model": "admin.logentry", "pk": 51, "fields": {"action_time": "2024-09-03T08:01:54.747Z", "user": 1, "content_type": 6, "object_id": "2", "object_repr": "manager", "action_flag": 3, "change_message": ""}}, {"model": "admin.logentry", "pk": 52, "fields": {"action_time": "2024-09-03T08:01:54.768Z", "user": 1, "content_type": 6, "object_id": "10", "object_repr": "nurmuhammad", "action_flag": 3, "change_message": ""}}, {"model": "admin.logentry", "pk": 53, "fields": {"action_time": "2024-09-03T08:01:54.788Z", "user": 1, "content_type": 6, "object_id": "3", "object_repr": "staff", "action_flag": 3, "change_message": ""}}, {"model": "admin.logentry", "pk": 54, "fields": {"action_time": "2024-09-03T08:01:54.808Z", "user": 1, "content_type": 6, "object_id": "4", "object_repr": "worker", "action_flag": 3, "change_message": ""}}, {"model": "admin.logentry", "pk": 55, "fields": {"action_time": "2024-09-03T08:02:50.421Z", "user": 1, "content_type": 6, "object_id": "1", "object_repr": "admin", "action_flag": 2, "change_message": "[{\"changed\": {\"fields\": [\"Position\"]}}]"}}, {"model": "admin.logentry", "pk": 56, "fields": {"action_time": "2024-09-03T09:56:17.215Z", "user": 1, "content_type": 7, "object_id": "1", "object_repr": "Farg'ona BYD", "action_flag": 2, "change_message": "[{\"changed\": {\"fields\": [\"Balance\"]}}]"}}, {"model": "admin.logentry", "pk": 57, "fields": {"action_time": "2024-09-03T11:03:43.354Z", "user": 1, "content_type": 11, "object_id": "7", "object_repr": "фильтр масляный SCT", "action_flag": 3, "change_message": ""}}, {"model": "admin.logentry", "pk": 58, "fields": {"action_time": "2024-09-03T11:36:33.227Z", "user": 1, "content_type": 11, "object_id": "6", "object_repr": "фильтр масляный SCT", "action_flag": 3, "change_message": ""}}, {"model": "admin.logentry", "pk": 59, "fields": {"action_time": "2024-09-03T11:36:33.250Z", "user": 1, "content_type": 11, "object_id": "5", "object_repr": "фильтр масляный оригинал", "action_flag": 3, "change_message": ""}}, {"model": "admin.logentry", "pk": 60, "fields": {"action_time": "2024-09-03T11:37:25.526Z", "user": 1, "content_type": 7, "object_id": "2", "object_repr": "Киа Фергана", "action_flag": 1, "change_message": "[{\"added\": {}}]"}}, {"model": "admin.logentry", "pk": 61, "fields": {"action_time": "2024-09-03T11:37:40.006Z", "user": 1, "content_type": 7, "object_id": "3", "object_repr": "Чери Фергана", "action_flag": 1, "change_message": "[{\"added\": {}}]"}}, {"model": "admin.logentry", "pk": 62, "fields": {"action_time": "2024-09-03T11:37:55.017Z", "user": 1, "content_type": 7, "object_id": "3", "object_repr": "Чери Фергана", "action_flag": 2, "change_message": "[{\"changed\": {\"fields\": [\"Address\"]}}]"}}, {"model": "admin.logentry", "pk": 63, "fields": {"action_time": "2024-09-03T11:38:04.876Z", "user": 1, "content_type": 7, "object_id": "2", "object_repr": "Киа Фергана", "action_flag": 2, "change_message": "[{\"changed\": {\"fields\": [\"Address\"]}}]"}}, {"model": "admin.logentry", "pk": 64, "fields": {"action_time": "2024-09-03T11:38:28.007Z", "user": 1, "content_type": 7, "object_id": "1", "object_repr": "BYD Фергана", "action_flag": 2, "change_message": "[{\"changed\": {\"fields\": [\"Name\", \"Address\"]}}]"}}, {"model": "admin.logentry", "pk": 65, "fields": {"action_time": "2024-09-03T11:38:45.454Z", "user": 1, "content_type": 7, "object_id": "4", "object_repr": "Haval Фергана", "action_flag": 1, "change_message": "[{\"added\": {}}]"}}, {"model": "admin.logentry", "pk": 66, "fields": {"action_time": "2024-09-03T11:39:08.928Z", "user": 1, "content_type": 7, "object_id": "5", "object_repr": "Jeta Фергана", "action_flag": 1, "change_message": "[{\"added\": {}}]"}}, {"model": "admin.logentry", "pk": 67, "fields": {"action_time": "2024-09-03T11:39:19.986Z", "user": 1, "content_type": 7, "object_id": "3", "object_repr": "Chery Фергана", "action_flag": 2, "change_message": "[{\"changed\": {\"fields\": [\"Name\"]}}]"}}, {"model": "admin.logentry", "pk": 68, "fields": {"action_time": "2024-09-03T11:39:28.608Z", "user": 1, "content_type": 7, "object_id": "2", "object_repr": "KIA Фергана", "action_flag": 2, "change_message": "[{\"changed\": {\"fields\": [\"Name\"]}}]"}}, {"model": "admin.logentry", "pk": 69, "fields": {"action_time": "2024-09-03T11:40:48.963Z", "user": 1, "content_type": 6, "object_id": "11", "object_repr": "toraevrasul", "action_flag": 1, "change_message": "[{\"added\": {}}]"}}, {"model": "admin.logentry", "pk": 70, "fields": {"action_time": "2024-09-03T11:42:22.641Z", "user": 1, "content_type": 6, "object_id": "11", "object_repr": "toraevrasul", "action_flag": 2, "change_message": "[{\"changed\": {\"fields\": [\"First name\", \"Last name\", \"Branch\", \"Position\", \"Staff status\"]}}]"}}, {"model": "admin.logentry", "pk": 71, "fields": {"action_time": "2024-09-03T11:43:22.936Z", "user": 1, "content_type": 6, "object_id": "11", "object_repr": "toraevrasul", "action_flag": 2, "change_message": "[{\"changed\": {\"fields\": [\"Superuser status\"]}}]"}}, {"model": "admin.logentry", "pk": 72, "fields": {"action_time": "2024-09-03T11:44:00.486Z", "user": 1, "content_type": 6, "object_id": "11", "object_repr": "toraevrasul", "action_flag": 2, "change_message": "[{\"changed\": {\"fields\": [\"Role\"]}}]"}}, {"model": "admin.logentry", "pk": 73, "fields": {"action_time": "2024-09-03T11:44:32.857Z", "user": 1, "content_type": 6, "object_id": "11", "object_repr": "toraevrasul", "action_flag": 2, "change_message": "[{\"changed\": {\"fields\": [\"Role\"]}}]"}}, {"model": "admin.logentry", "pk": 74, "fields": {"action_time": "2024-09-03T11:45:17.452Z", "user": 1, "content_type": 6, "object_id": "11", "object_repr": "toraevrasul", "action_flag": 2, "change_message": "[{\"changed\": {\"fields\": [\"Role\"]}}]"}}, {"model": "admin.logentry", "pk": 75, "fields": {"action_time": "2024-09-03T11:48:10.976Z", "user": 1, "content_type": 6, "object_id": "11", "object_repr": "toraevrasul1", "action_flag": 2, "change_message": "[{\"changed\": {\"fields\": [\"Username\"]}}]"}}, {"model": "admin.logentry", "pk": 76, "fields": {"action_time": "2024-09-03T11:53:00.496Z", "user": 1, "content_type": 6, "object_id": "12", "object_repr": "test", "action_flag": 1, "change_message": "[{\"added\": {}}]"}}, {"model": "admin.logentry", "pk": 77, "fields": {"action_time": "2024-09-03T11:53:21.435Z", "user": 1, "content_type": 6, "object_id": "12", "object_repr": "test", "action_flag": 2, "change_message": "[{\"changed\": {\"fields\": [\"Branch\"]}}]"}}, {"model": "admin.logentry", "pk": 78, "fields": {"action_time": "2024-09-03T11:54:50.765Z", "user": 1, "content_type": 6, "object_id": "13", "object_repr": "toraevrasul", "action_flag": 1, "change_message": "[{\"added\": {}}]"}}, {"model": "admin.logentry", "pk": 79, "fields": {"action_time": "2024-09-03T11:55:36.451Z", "user": 1, "content_type": 6, "object_id": "13", "object_repr": "toraevrasul", "action_flag": 2, "change_message": "[{\"changed\": {\"fields\": [\"First name\", \"Last name\", \"Branch\"]}}]"}}, {"model": "admin.logentry", "pk": 80, "fields": {"action_time": "2024-09-03T13:06:18.991Z", "user": 1, "content_type": 6, "object_id": "14", "object_repr": "karimov_m", "action_flag": 1, "change_message": "[{\"added\": {}}]"}}, {"model": "admin.logentry", "pk": 81, "fields": {"action_time": "2024-09-03T13:08:58.717Z", "user": 1, "content_type": 6, "object_id": "14", "object_repr": "karimov_m", "action_flag": 2, "change_message": "[{\"changed\": {\"fields\": [\"First name\", \"Last name\", \"Branch\", \"Position\"]}}]"}}, {"model": "admin.logentry", "pk": 82, "fields": {"action_time": "2024-09-04T07:19:23.228Z", "user": 1, "content_type": 14, "object_id": "13", "object_repr": "eqwewq", "action_flag": 3, "change_message": ""}}, {"model": "admin.logentry", "pk": 83, "fields": {"action_time": "2024-09-04T07:19:23.254Z", "user": 1, "content_type": 14, "object_id": "12", "object_repr": "12", "action_flag": 3, "change_message": ""}}, {"model": "admin.logentry", "pk": 84, "fields": {"action_time": "2024-09-04T07:19:23.278Z", "user": 1, "content_type": 14, "object_id": "11", "object_repr": "312", "action_flag": 3, "change_message": ""}}, {"model": "admin.logentry", "pk": 85, "fields": {"action_time": "2024-09-04T07:19:23.301Z", "user": 1, "content_type": 14, "object_id": "10", "object_repr": "321", "action_flag": 3, "change_message": ""}}, {"model": "admin.logentry", "pk": 86, "fields": {"action_time": "2024-09-04T07:19:23.325Z", "user": 1, "content_type": 14, "object_id": "9", "object_repr": "423", "action_flag": 3, "change_message": ""}}, {"model": "admin.logentry", "pk": 87, "fields": {"action_time": "2024-09-04T07:19:23.348Z", "user": 1, "content_type": 14, "object_id": "8", "object_repr": "MAN  0 5l", "action_flag": 3, "change_message": ""}}, {"model": "admin.logentry", "pk": 88, "fields": {"action_time": "2024-09-04T07:19:23.369Z", "user": 1, "content_type": 14, "object_id": "7", "object_repr": "STANDART", "action_flag": 3, "change_message": ""}}, {"model": "admin.logentry", "pk": 89, "fields": {"action_time": "2024-09-04T07:29:31.630Z", "user": 1, "content_type": 14, "object_id": "17", "object_repr": "312", "action_flag": 3, "change_message": ""}}, {"model": "admin.logentry", "pk": 90, "fields": {"action_time": "2024-09-04T07:29:31.662Z", "user": 1, "content_type": 14, "object_id": "16", "object_repr": "423", "action_flag": 3, "change_message": ""}}, {"model": "admin.logentry", "pk": 91, "fields": {"action_time": "2024-09-04T07:29:31.677Z", "user": 1, "content_type": 14, "object_id": "15", "object_repr": "MAN  0 5l", "action_flag": 3, "change_message": ""}}, {"model": "admin.logentry", "pk": 92, "fields": {"action_time": "2024-09-04T07:29:31.693Z", "user": 1, "content_type": 14, "object_id": "14", "object_repr": "STANDART", "action_flag": 3, "change_message": ""}}, {"model": "admin.logentry", "pk": 93, "fields": {"action_time": "2024-09-04T07:58:25.866Z", "user": 1, "content_type": 14, "object_id": "32", "object_repr": "STANDARTwq", "action_flag": 3, "change_message": ""}}, {"model": "admin.logentry", "pk": 94, "fields": {"action_time": "2024-09-04T07:58:25.888Z", "user": 1, "content_type": 14, "object_id": "31", "object_repr": "STANDARTwq", "action_flag": 3, "change_message": ""}}, {"model": "admin.logentry", "pk": 95, "fields": {"action_time": "2024-09-04T07:58:25.910Z", "user": 1, "content_type": 14, "object_id": "30", "object_repr": "STANDARTwq", "action_flag": 3, "change_message": ""}}, {"model": "admin.logentry", "pk": 96, "fields": {"action_time": "2024-09-04T07:58:25.933Z", "user": 1, "content_type": 14, "object_id": "29", "object_repr": "STANDARTwq", "action_flag": 3, "change_message": ""}}, {"model": "admin.logentry", "pk": 97, "fields": {"action_time": "2024-09-04T07:58:25.956Z", "user": 1, "content_type": 14, "object_id": "28", "object_repr": "STANDARTwq", "action_flag": 3, "change_message": ""}}, {"model": "admin.logentry", "pk": 98, "fields": {"action_time": "2024-09-04T07:58:25.978Z", "user": 1, "content_type": 14, "object_id": "27", "object_repr": "STANDARTwq", "action_flag": 3, "change_message": ""}}, {"model": "admin.logentry", "pk": 99, "fields": {"action_time": "2024-09-04T07:58:26.001Z", "user": 1, "content_type": 14, "object_id": "26", "object_repr": "STANDARTwq", "action_flag": 3, "change_message": ""}}, {"model": "admin.logentry", "pk": 100, "fields": {"action_time": "2024-09-04T07:58:26.021Z", "user": 1, "content_type": 14, "object_id": "25", "object_repr": "STANDARTwq", "action_flag": 3, "change_message": ""}}, {"model": "admin.logentry", "pk": 101, "fields": {"action_time": "2024-09-04T07:58:26.044Z", "user": 1, "content_type": 14, "object_id": "24", "object_repr": "STANDARTwq", "action_flag": 3, "change_message": ""}}, {"model": "admin.logentry", "pk": 102, "fields": {"action_time": "2024-09-04T07:58:26.062Z", "user": 1, "content_type": 14, "object_id": "23", "object_repr": "MAN  0 5l2", "action_flag": 3, "change_message": ""}}, {"model": "admin.logentry", "pk": 103, "fields": {"action_time": "2024-09-04T07:58:26.082Z", "user": 1, "content_type": 14, "object_id": "22", "object_repr": "STANDART3", "action_flag": 3, "change_message": ""}}, {"model": "admin.logentry", "pk": 104, "fields": {"action_time": "2024-09-04T07:58:26.099Z", "user": 1, "content_type": 14, "object_id": "21", "object_repr": "STANDART1", "action_flag": 3, "change_message": ""}}, {"model": "admin.logentry", "pk": 105, "fields": {"action_time": "2024-09-04T07:58:26.119Z", "user": 1, "content_type": 14, "object_id": "20", "object_repr": "423", "action_flag": 3, "change_message": ""}}, {"model": "admin.logentry", "pk": 106, "fields": {"action_time": "2024-09-04T07:58:26.150Z", "user": 1, "content_type": 14, "object_id": "19", "object_repr": "MAN  0 5l", "action_flag": 3, "change_message": ""}}, {"model": "admin.logentry", "pk": 107, "fields": {"action_time": "2024-09-04T07:58:26.176Z", "user": 1, "content_type": 14, "object_id": "18", "object_repr": "STANDART", "action_flag": 3, "change_message": ""}}, {"model": "admin.logentry", "pk": 108, "fields": {"action_time": "2024-09-04T08:18:24.031Z", "user": 1, "content_type": 14, "object_id": "45", "object_repr": "dsew", "action_flag": 3, "change_message": ""}}, {"model": "admin.logentry", "pk": 109, "fields": {"action_time": "2024-09-04T08:18:24.061Z", "user": 1, "content_type": 14, "object_id": "44", "object_repr": "MAN  0 5l", "action_flag": 3, "change_message": ""}}, {"model": "admin.logentry", "pk": 110, "fields": {"action_time": "2024-09-04T08:18:24.086Z", "user": 1, "content_type": 14, "object_id": "43", "object_repr": "cx", "action_flag": 3, "change_message": ""}}, {"model": "admin.logentry", "pk": 111, "fields": {"action_time": "2024-09-04T08:18:24.121Z", "user": 1, "content_type": 14, "object_id": "42", "object_repr": "MAN  0 5l", "action_flag": 3, "change_message": ""}}, {"model": "admin.logentry", "pk": 112, "fields": {"action_time": "2024-09-04T08:18:24.149Z", "user": 1, "content_type": 14, "object_id": "41", "object_repr": "das", "action_flag": 3, "change_message": ""}}, {"model": "admin.logentry", "pk": 113, "fields": {"action_time": "2024-09-04T08:18:24.176Z", "user": 1, "content_type": 14, "object_id": "40", "object_repr": "423e", "action_flag": 3, "change_message": ""}}, {"model": "admin.logentry", "pk": 114, "fields": {"action_time": "2024-09-04T08:18:24.204Z", "user": 1, "content_type": 14, "object_id": "39", "object_repr": "STANDART", "action_flag": 3, "change_message": ""}}, {"model": "admin.logentry", "pk": 115, "fields": {"action_time": "2024-09-04T08:18:24.231Z", "user": 1, "content_type": 14, "object_id": "38", "object_repr": "321", "action_flag": 3, "change_message": ""}}, {"model": "admin.logentry", "pk": 116, "fields": {"action_time": "2024-09-04T08:18:24.342Z", "user": 1, "content_type": 14, "object_id": "37", "object_repr": "STANDART", "action_flag": 3, "change_message": ""}}, {"model": "admin.logentry", "pk": 117, "fields": {"action_time": "2024-09-04T08:18:24.367Z", "user": 1, "content_type": 14, "object_id": "36", "object_repr": "MAN  0 5l", "action_flag": 3, "change_message": ""}}, {"model": "admin.logentry", "pk": 118, "fields": {"action_time": "2024-09-04T08:18:24.392Z", "user": 1, "content_type": 14, "object_id": "35", "object_repr": "MAN  0 5l", "action_flag": 3, "change_message": ""}}, {"model": "admin.logentry", "pk": 119, "fields": {"action_time": "2024-09-04T08:18:24.419Z", "user": 1, "content_type": 14, "object_id": "34", "object_repr": "23", "action_flag": 3, "change_message": ""}}, {"model": "admin.logentry", "pk": 120, "fields": {"action_time": "2024-09-04T08:18:24.442Z", "user": 1, "content_type": 14, "object_id": "33", "object_repr": "STANDART", "action_flag": 3, "change_message": ""}}, {"model": "admin.logentry", "pk": 121, "fields": {"action_time": "2024-09-04T14:45:36.036Z", "user": 1, "content_type": 6, "object_id": "1", "object_repr": "admin", "action_flag": 2, "change_message": "[{\"changed\": {\"fields\": [\"Last name\", \"Phone Number\"]}}]"}}, {"model": "admin.logentry", "pk": 122, "fields": {"action_time": "2024-09-04T14:46:45.774Z", "user": 1, "content_type": 6, "object_id": "1", "object_repr": "admin", "action_flag": 2, "change_message": "[{\"changed\": {\"fields\": [\"First name\"]}}]"}}, {"model": "admin.logentry", "pk": 123, "fields": {"action_time": "2024-09-04T14:57:41.270Z", "user": 1, "content_type": 13, "object_id": "2", "object_repr": "замена масла в ДВС", "action_flag": 1, "change_message": "[{\"added\": {}}]"}}, {"model": "admin.logentry", "pk": 124, "fields": {"action_time": "2024-09-04T14:58:05.821Z", "user": 1, "content_type": 13, "object_id": "3", "object_repr": "замена масло в редукторе", "action_flag": 1, "change_message": "[{\"added\": {}}]"}}, {"model": "admin.logentry", "pk": 125, "fields": {"action_time": "2024-09-04T16:29:44.582Z", "user": 1, "content_type": 7, "object_id": "1", "object_repr": "BYD Фергана", "action_flag": 2, "change_message": "[{\"changed\": {\"fields\": [\"Balance\"]}}]"}}, {"model": "admin.logentry", "pk": 126, "fields": {"action_time": "2024-09-04T16:30:05.892Z", "user": 1, "content_type": 7, "object_id": "1", "object_repr": "BYD Фергана", "action_flag": 2, "change_message": "[]"}}, {"model": "admin.logentry", "pk": 127, "fields": {"action_time": "2024-09-04T16:31:26.792Z", "user": 1, "content_type": 7, "object_id": "1", "object_repr": "BYD Фергана", "action_flag": 2, "change_message": "[{\"changed\": {\"fields\": [\"Phone number\", \"Balance\"]}}]"}}, {"model": "admin.logentry", "pk": 128, "fields": {"action_time": "2024-09-04T16:31:41.666Z", "user": 1, "content_type": 7, "object_id": "2", "object_repr": "KIA Фергана", "action_flag": 2, "change_message": "[{\"changed\": {\"fields\": [\"Phone number\"]}}]"}}, {"model": "admin.logentry", "pk": 129, "fields": {"action_time": "2024-09-04T16:32:09.264Z", "user": 1, "content_type": 7, "object_id": "3", "object_repr": "Chery Фергана", "action_flag": 2, "change_message": "[{\"changed\": {\"fields\": [\"Phone number\"]}}]"}}, {"model": "admin.logentry", "pk": 130, "fields": {"action_time": "2024-09-04T16:32:24.725Z", "user": 1, "content_type": 7, "object_id": "4", "object_repr": "Haval Фергана", "action_flag": 2, "change_message": "[{\"changed\": {\"fields\": [\"Phone number\"]}}]"}}, {"model": "admin.logentry", "pk": 131, "fields": {"action_time": "2024-09-04T16:32:31.450Z", "user": 1, "content_type": 7, "object_id": "5", "object_repr": "Jeta Фергана", "action_flag": 2, "change_message": "[{\"changed\": {\"fields\": [\"Phone number\"]}}]"}}, {"model": "admin.logentry", "pk": 132, "fields": {"action_time": "2024-09-04T16:33:06.541Z", "user": 1, "content_type": 10, "object_id": "3", "object_repr": "Бобуржон", "action_flag": 2, "change_message": "[{\"changed\": {\"fields\": [\"Phone number\"]}}]"}}, {"model": "admin.logentry", "pk": 133, "fields": {"action_time": "2024-09-04T16:33:50.613Z", "user": 1, "content_type": 7, "object_id": "1", "object_repr": "BYD Фергана", "action_flag": 2, "change_message": "[{\"changed\": {\"fields\": [\"Balance\"]}}]"}}, {"model": "admin.logentry", "pk": 134, "fields": {"action_time": "2024-09-04T16:34:21.776Z", "user": 1, "content_type": 7, "object_id": "1", "object_repr": "BYD Фергана", "action_flag": 2, "change_message": "[{\"changed\": {\"fields\": [\"Balance\"]}}]"}}, {"model": "admin.logentry", "pk": 135, "fields": {"action_time": "2024-09-05T05:50:01.720Z", "user": 1, "content_type": 11, "object_id": "37", "object_repr": "тонировка орка Armalan", "action_flag": 2, "change_message": "[{\"changed\": {\"fields\": [\"Unit\"]}}]"}}, {"model": "sessions.session", "pk": "12xqmtuqdtv3a5atain6o4dj6mkgoo9j", "fields": {"session_data": ".eJxVjMsOwiAQRf-FtSHA8Cgu3fsNZIaHVA0kpV0Z_12bdKHbe865LxZwW2vYRl7CnNiZSXb63QjjI7cdpDu2W-ext3WZie8KP-jg157y83K4fwcVR_3WXoIjKj5qZbSQUpC3yRQsLppEXpP0EySLYAVFVYoBBdpRsWgmCwTs_QHaDTeh:1slsr6:iviatSzbfmTWLIwWl1L6KH5X1FEdFc3QHVR_OWmwFj8", "expire_date": "2024-09-18T16:27:40.573Z"}}, {"model": "sessions.session", "pk": "2cnw2lnocxgnzjqnpsjje2zpadrrf15m", "fields": {"session_data": ".eJxVjMsOwiAQRf-FtSHA8Cgu3fsNZIaHVA0kpV0Z_12bdKHbe865LxZwW2vYRl7CnNiZSXb63QjjI7cdpDu2W-ext3WZie8KP-jg157y83K4fwcVR_3WXoIjKj5qZbSQUpC3yRQsLppEXpP0EySLYAVFVYoBBdpRsWgmCwTs_QHaDTeh:1sl3V0:hd3WutExshppPPOz1EwoAUyOTB9yp7Ea1Zg2zTaKw8M", "expire_date": "2024-09-16T09:37:26.302Z"}}, {"model": "sessions.session", "pk": "37w4jij1s674mxmygfffbssrqnftupaa", "fields": {"session_data": ".eJxVjMsOwiAQRf-FtSHA8Cgu3fsNZIaHVA0kpV0Z_12bdKHbe865LxZwW2vYRl7CnNiZSXb63QjjI7cdpDu2W-ext3WZie8KP-jg157y83K4fwcVR_3WXoIjKj5qZbSQUpC3yRQsLppEXpP0EySLYAVFVYoBBdpRsWgmCwTs_QHaDTeh:1sk442:_oMDvVsqBdfJJRovZDNA5vS3A8g8pRlrwYeXHmzDtyY", "expire_date": "2024-09-13T16:01:30.965Z"}}, {"model": "sessions.session", "pk": "5gdlufze8rfv7sg7nj48tugz5pi2qth0", "fields": {"session_data": ".eJxVjMsOwiAQRf-FtSHA8Cgu3fsNZIaHVA0kpV0Z_12bdKHbe865LxZwW2vYRl7CnNiZSXb63QjjI7cdpDu2W-ext3WZie8KP-jg157y83K4fwcVR_3WXoIjKj5qZbSQUpC3yRQsLppEXpP0EySLYAVFVYoBBdpRsWgmCwTs_QHaDTeh:1slOOx:epF5pYipXj5WZZKRySQYrf3NS5goxIuIHDGZbmef7q4", "expire_date": "2024-09-17T07:56:35.745Z"}}, {"model": "sessions.session", "pk": "9cnp0dbv0geu479lnqwefut9ldrxyw5h", "fields": {"session_data": ".eJxVjMsOwiAQRf-FtSHA8Cgu3fsNZIaHVA0kpV0Z_12bdKHbe865LxZwW2vYRl7CnNiZSXb63QjjI7cdpDu2W-ext3WZie8KP-jg157y83K4fwcVR_3WXoIjKj5qZbSQUpC3yRQsLppEXpP0EySLYAVFVYoBBdpRsWgmCwTs_QHaDTeh:1slsxM:pOd-gQ2dIojfiGNr2uoIqkurLt2_9CXifqhUE0JJ_3U", "expire_date": "2024-09-18T16:34:08.178Z"}}, {"model": "sessions.session", "pk": "jm2bxx8vpdbo042w5zfrh2r1m9p36dem", "fields": {"session_data": ".eJxVjMsOwiAQRf-FtSHA8Cgu3fsNZIaHVA0kpV0Z_12bdKHbe865LxZwW2vYRl7CnNiZSXb63QjjI7cdpDu2W-ext3WZie8KP-jg157y83K4fwcVR_3WXoIjKj5qZbSQUpC3yRQsLppEXpP0EySLYAVFVYoBBdpRsWgmCwTs_QHaDTeh:1slrFV:sbGhUi_jjmKPrCDx4ThYKjVKnMFvqHLICw9QySqQcL8", "expire_date": "2024-09-18T14:44:45.879Z"}}, {"model": "sessions.session", "pk": "uigzdt212sf3zm2dfjeny9pp535bsf0k", "fields": {"session_data": ".eJxVjMsOwiAQRf-FtSHA8Cgu3fsNZIaHVA0kpV0Z_12bdKHbe865LxZwW2vYRl7CnNiZSXb63QjjI7cdpDu2W-ext3WZie8KP-jg157y83K4fwcVR_3WXoIjKj5qZbSQUpC3yRQsLppEXpP0EySLYAVFVYoBBdpRsWgmCwTs_QHaDTeh:1slQGY:b73asfN54SyXf5YgrG4zzNSm8kp7zPn4ehf7i3cZzrk", "expire_date": "2024-09-17T09:56:02.628Z"}}, {"model": "sessions.session", "pk": "wlfd54vfkj4493i3drs61zxe6s0yipyh", "fields": {"session_data": ".eJxVjMsOwiAQRf-FtSHA8Cgu3fsNZIaHVA0kpV0Z_12bdKHbe865LxZwW2vYRl7CnNiZSXb63QjjI7cdpDu2W-ext3WZie8KP-jg157y83K4fwcVR_3WXoIjKj5qZbSQUpC3yRQsLppEXpP0EySLYAVFVYoBBdpRsWgmCwTs_QHaDTeh:1sjFu3:aoVOArCGlupIUfvzWF1JitEoMLhDT2pos2Ji8Clc_rE", "expire_date": "2024-09-11T10:27:51.800Z"}}, {"model": "userApp.user", "pk": 1, "fields": {"password": "pbkdf2_sha256$720000$JjrsRCERCo0HzTDr36wjAE$VTBPw/PxwaoIMagqOOCSVpCZ/rEKOuKlWMtscYRmkO4=", "last_login": "2024-09-04T16:34:08.153Z", "is_superuser": true, "username": "admin", "first_name": "Темурбек", "last_name": "Махмуджонов", "email": "", "is_staff": true, "is_active": true, "date_joined": "2024-08-28T10:27:43Z", "phone_number": "+998998591099", "position": "Супер Админ", "role": "SuperStatus", "part": 1.0, "balance": 0.0, "branch": 1, "groups": [], "user_permissions": []}}, {"model": "userApp.user", "pk": 11, "fields": {"password": "pbkdf2_sha256$720000$sz3cLNumPehdZIq8pwe02o$LuJcRrf8JfVMZRLuHX1h6sNRPWYU08A4XFOYfH6t93g=", "last_login": null, "is_superuser": true, "username": "toraevrasul1", "first_name": "Расул", "last_name": "Тураев", "email": "", "is_staff": true, "is_active": true, "date_joined": "2024-09-03T11:40:48Z", "phone_number": null, "position": "Мастер приемщик", "role": "Staff", "part": 1.0, "balance": 0.0, "branch": 2, "groups": [], "user_permissions": []}}, {"model": "userApp.user", "pk": 12, "fields": {"password": "pbkdf2_sha256$720000$EyCKDbAd0HXcV2dyrW5gzQ$aC1W3QkzusZNbdiKnbEhhuTH1L9eFPR46rhvIkoLnXw=", "last_login": null, "is_superuser": false, "username": "test", "first_name": "", "last_name": "", "email": "", "is_staff": false, "is_active": true, "date_joined": "2024-09-03T11:52:59Z", "phone_number": null, "position": null, "role": "Staff", "part": 1.0, "balance": 0.0, "branch": 1, "groups": [], "user_permissions": []}}, {"model": "userApp.user", "pk": 13, "fields": {"password": "pbkdf2_sha256$720000$B0Un758pGBuBlIurj1Otvb$E2RNQEFxLkRwmgqxle6O70rCYFx4IJ+XzmdVQOPfzqI=", "last_login": null, "is_superuser": false, "username": "toraevrasul", "first_name": "Расул", "last_name": "Тураев", "email": "", "is_staff": false, "is_active": true, "date_joined": "2024-09-03T11:54:49Z", "phone_number": null, "position": null, "role": "Staff", "part": 1.0, "balance": 0.0, "branch": 2, "groups": [], "user_permissions": []}}, {"model": "userApp.user", "pk": 14, "fields": {"password": "pbkdf2_sha256$720000$fNtjEExumQlQSIZp7fR8Uh$ayRZxhno6pOxcRMVR7dgBIR6hJYkNPMcgcJNtpGPkaQ=", "last_login": null, "is_superuser": false, "username": "karimov_m", "first_name": "test", "last_name": "uchun", "email": "", "is_staff": false, "is_active": true, "date_joined": "2024-09-03T13:06:18Z", "phone_number": null, "position": "Dasturchi", "role": "Staff", "part": 1.0, "balance": 0.0, "branch": 2, "groups": [], "user_permissions": []}}, {"model": "mainApp.branch", "pk": 1, "fields": {"name": "BYD Фергана", "address": "Жойдам", "phone_number": "+998998591099", "balance": 0.0, "created_at": "2024-08-28T10:28:38.393Z"}}, {"model": "mainApp.branch", "pk": 2, "fields": {"name": "KIA Фергана", "address": "Аэропорт", "phone_number": "+998771140477", "balance": 0.0, "created_at": "2024-09-03T11:37:25.521Z"}}, {"model": "mainApp.branch", "pk": 3, "fields": {"name": "Chery Фергана", "address": "Масив", "phone_number": "+998982768801", "balance": 0.0, "created_at": "2024-09-03T11:37:40.000Z"}}, {"model": "mainApp.branch", "pk": 4, "fields": {"name": "Haval Фергана", "address": "Ваи", "phone_number": "+998998591099", "balance": 0.0, "created_at": "2024-09-03T11:38:45.447Z"}}, {"model": "mainApp.branch", "pk": 5, "fields": {"name": "Jeta Фергана", "address": "Ваи", "phone_number": "+998998591099", "balance": 0.0, "created_at": "2024-09-03T11:39:08.921Z"}}, {"model": "mainApp.customer", "pk": 5, "fields": {"first_name": "Темурбек", "last_name": "Махмуджонов", "phone_number": "+998998591099", "phone_number_extra": "", "passport_serial_numbers": "", "passport_serial_letters": "", "address": "", "debt": 0.0, "branch": 1, "created_at": "2024-09-05T04:53:46.254Z"}}, {"model": "mainApp.car", "pk": 5, "fields": {"code": "123", "name": "Нексия", "brand": "chevrole", "color": "белый", "state_number": "40S423HB", "branch": 1, "customer": 5, "created_at": "2024-09-05T05:37:53.389Z"}}, {"model": "mainApp.provider", "pk": 3, "fields": {"name": "Бобуржон", "phone_number": "+998982768801", "debt": 0.0, "branch": 1, "created_at": "2024-09-03T08:09:40.331Z"}}, {"model": "mainApp.provider", "pk": 4, "fields": {"name": "Гуломжон Castrol", "phone_number": "+998945754844", "debt": 0.0, "branch": 1, "created_at": "2024-09-04T16:24:36.917Z"}}, {"model": "mainApp.provider", "pk": 5, "fields": {"name": "Хасанбой", "phone_number": "+998973344040", "debt": 0.0, "branch": 1, "created_at": "2024-09-05T05:24:20.605Z"}}, {"model": "mainApp.product", "pk": 8, "fields": {"code": null, "name": "фильтр масляный SCT", "amount": 1.0, "min_amount": 1.0, "unit": "1", "import_price": 63500.0, "export_price": 100000.0, "max_discount": 0.0, "provider": 3, "branch": 1, "created_at": "2024-09-04T14:48:27.727Z"}}, {"model": "mainApp.product", "pk": 9, "fields": {"code": null, "name": "фильтр масляный оригинал", "amount": 12.0, "min_amount": 1.0, "unit": "1", "import_price": 153000.0, "export_price": 250000.0, "max_discount": 0.0, "provider": 3, "branch": 1, "created_at": "2024-09-04T14:49:24.221Z"}}, {"model": "mainApp.product", "pk": 10, "fields": {"code": null, "name": "фильтр салона", "amount": 1.0, "min_amount": 1.0, "unit": "1", "import_price": 152400.0, "export_price": 180000.0, "max_discount": 0.0, "provider": 3, "branch": 1, "created_at": "2024-09-04T14:49:56.201Z"}}, {"model": "mainApp.product", "pk": 11, "fields": {"code": null, "name": "фильтр салона комирлик", "amount": 21.0, "min_amount": 1.0, "unit": "1", "import_price": 124000.0, "export_price": 180000.0, "max_discount": 0.0, "provider": 3, "branch": 1, "created_at": "2024-09-04T14:50:35.977Z"}}, {"model": "mainApp.product", "pk": 12, "fields": {"code": null, "name": "BOT 384 масло в редуктор", "amount": 7.5, "min_amount": 12.0, "unit": "3", "import_price": 200000.0, "export_price": 350000.0, "max_discount": 0.0, "provider": 3, "branch": 1, "created_at": "2024-09-04T14:52:22.439Z"}}, {"model": "mainApp.product", "pk": 13, "fields": {"code": null, "name": "Grasse", "amount": 6.0, "min_amount": 1.0, "unit": "1", "import_price": 254000.0, "export_price": 320000.0, "max_discount": 0.0, "provider": 3, "branch": 1, "created_at": "2024-09-04T14:53:48.954Z"}}, {"model": "mainApp.product", "pk": 14, "fields": {"code": null, "name": "освежитель Hums", "amount": 3.0, "min_amount": 1.0, "unit": "1", "import_price": 190500.0, "export_price": 250000.0, "max_discount": 0.0, "provider": 3, "branch": 1, "created_at": "2024-09-04T14:54:30.566Z"}}, {"model": "mainApp.product", "pk": 15, "fields": {"code": null, "name": "освежитель Loris", "amount": 10.0, "min_amount": 1.0, "unit": "1", "import_price": 65000.0, "export_price": 85000.0, "max_discount": 0.0, "provider": 3, "branch": 1, "created_at": "2024-09-04T15:00:59.884Z"}}, {"model": "mainApp.product", "pk": 16, "fields": {"code": null, "name": "освежитель руллик", "amount": 1.0, "min_amount": 1.0, "unit": "1", "import_price": 190500.0, "export_price": 250000.0, "max_discount": 0.0, "provider": 3, "branch": 1, "created_at": "2024-09-04T15:07:03.618Z"}}, {"model": "mainApp.product", "pk": 17, "fields": {"code": null, "name": "пульт чехол", "amount": 7.0, "min_amount": 1.0, "unit": "1", "import_price": 95000.0, "export_price": 200000.0, "max_discount": 0.0, "provider": 3, "branch": 1, "created_at": "2024-09-04T15:07:46.323Z"}}, {"model": "mainApp.product", "pk": 18, "fields": {"code": null, "name": "ремень защита BYD", "amount": 2.0, "min_amount": 1.0, "unit": "1", "import_price": 152400.0, "export_price": 200000.0, "max_discount": 0.0, "provider": 3, "branch": 1, "created_at": "2024-09-04T15:08:44.017Z"}}, {"model": "mainApp.product", "pk": 19, "fields": {"code": null, "name": "чехол для очков BYD", "amount": 1.0, "min_amount": 1.0, "unit": "1", "import_price": 152400.0, "export_price": 200000.0, "max_discount": 0.0, "provider": 3, "branch": 1, "created_at": "2024-09-04T15:09:49.516Z"}}, {"model": "mainApp.product", "pk": 20, "fields": {"code": null, "name": "чехол для салфетки BYD", "amount": 1.0, "min_amount": 1.0, "unit": "1", "import_price": 152400.0, "export_price": 200000.0, "max_discount": 0.0, "provider": 3, "branch": 1, "created_at": "2024-09-04T15:11:12.541Z"}}, {"model": "mainApp.product", "pk": 21, "fields": {"code": null, "name": "очиститель салона", "amount": 2.0, "min_amount": 1.0, "unit": "1", "import_price": 100000.0, "export_price": 150000.0, "max_discount": 0.0, "provider": 3, "branch": 1, "created_at": "2024-09-04T15:12:03.379Z"}}, {"model": "mainApp.product", "pk": 22, "fields": {"code": null, "name": "авто шампунь", "amount": 4.0, "min_amount": 1.0, "unit": "1", "import_price": 60000.0, "export_price": 100000.0, "max_discount": 0.0, "provider": 3, "branch": 1, "created_at": "2024-09-04T16:09:21.050Z"}}, {"model": "mainApp.product", "pk": 23, "fields": {"code": null, "name": "очиститель дисков", "amount": 2.0, "min_amount": 1.0, "unit": "1", "import_price": 80000.0, "export_price": 120000.0, "max_discount": 0.0, "provider": 3, "branch": 1, "created_at": "2024-09-04T16:10:24.207Z"}}, {"model": "mainApp.product", "pk": 24, "fields": {"code": null, "name": "очиститель резины в баллончиках китай", "amount": 1.0, "min_amount": 1.0, "unit": "1", "import_price": 80000.0, "export_price": 120000.0, "max_discount": 0.0, "provider": 3, "branch": 1, "created_at": "2024-09-04T16:11:31.186Z"}}, {"model": "mainApp.product", "pk": 25, "fields": {"code": null, "name": "незамерзайка", "amount": 10.0, "min_amount": 1.0, "unit": "3", "import_price": 10000.0, "export_price": 20000.0, "max_discount": 0.0, "provider": 3, "branch": 1, "created_at": "2024-09-04T16:12:09.282Z"}}, {"model": "mainApp.product", "pk": 26, "fields": {"code": null, "name": "проводка для антирадара", "amount": 7.0, "min_amount": 1.0, "unit": "1", "import_price": 10000.0, "export_price": 20000.0, "max_discount": 0.0, "provider": 3, "branch": 1, "created_at": "2024-09-04T16:12:49.447Z"}}, {"model": "mainApp.product", "pk": 27, "fields": {"code": null, "name": "багаж полик обычный", "amount": 4.0, "min_amount": 1.0, "unit": "1", "import_price": 250000.0, "export_price": 400000.0, "max_discount": 0.0, "provider": 3, "branch": 1, "created_at": "2024-09-04T16:13:19.403Z"}}, {"model": "mainApp.product", "pk": 28, "fields": {"code": null, "name": "сундук для богажника", "amount": 1.0, "min_amount": 1.0, "unit": "1", "import_price": 250000.0, "export_price": 400000.0, "max_discount": 0.0, "provider": 3, "branch": 1, "created_at": "2024-09-04T16:14:12.676Z"}}, {"model": "mainApp.product", "pk": 29, "fields": {"code": null, "name": "брызговик", "amount": 28.0, "min_amount": 1.0, "unit": "2", "import_price": 145000.0, "export_price": 300000.0, "max_discount": 0.0, "provider": 3, "branch": 1, "created_at": "2024-09-04T16:15:34.565Z"}}, {"model": "mainApp.product", "pk": 30, "fields": {"code": null, "name": "накидка на сиденье", "amount": 7.0, "min_amount": 1.0, "unit": "2", "import_price": 1255000.0, "export_price": 1900000.0, "max_discount": 0.0, "provider": 3, "branch": 1, "created_at": "2024-09-04T16:17:42.395Z"}}, {"model": "mainApp.product", "pk": 31, "fields": {"code": null, "name": "полик EVACOR универсал", "amount": 12.0, "min_amount": 1.0, "unit": "2", "import_price": 400000.0, "export_price": 700000.0, "max_discount": 0.0, "provider": 3, "branch": 1, "created_at": "2024-09-04T16:19:57.845Z"}}, {"model": "mainApp.product", "pk": 32, "fields": {"code": null, "name": "порог универсал", "amount": 11.0, "min_amount": 1.0, "unit": "2", "import_price": 1270000.0, "export_price": 2000000.0, "max_discount": 0.0, "provider": 3, "branch": 1, "created_at": "2024-09-04T16:20:40.107Z"}}, {"model": "mainApp.product", "pk": 33, "fields": {"code": null, "name": "накидка для машины", "amount": 2.0, "min_amount": 1.0, "unit": "1", "import_price": 300000.0, "export_price": 400000.0, "max_discount": 0.0, "provider": 3, "branch": 1, "created_at": "2024-09-04T16:21:53.367Z"}}, {"model": "mainApp.product", "pk": 34, "fields": {"code": null, "name": "чехол для руля", "amount": 6.0, "min_amount": 1.0, "unit": "1", "import_price": 150000.0, "export_price": 250000.0, "max_discount": 0.0, "provider": 3, "branch": 1, "created_at": "2024-09-04T16:22:23.661Z"}}, {"model": "mainApp.product", "pk": 35, "fields": {"code": null, "name": "Castrol EDGE 0W-20", "amount": 2.7, "min_amount": 15.0, "unit": "3", "import_price": 126000.0, "export_price": 190000.0, "max_discount": 0.0, "provider": 4, "branch": 1, "created_at": "2024-09-04T16:25:29.497Z"}}, {"model": "mainApp.product", "pk": 36, "fields": {"code": null, "name": "Castrol 75W-90", "amount": 1.55, "min_amount": 3.0, "unit": "3", "import_price": 109220.0, "export_price": 200000.0, "max_discount": 0.0, "provider": 4, "branch": 1, "created_at": "2024-09-04T16:26:30.010Z"}}, {"model": "mainApp.product", "pk": 37, "fields": {"code": null, "name": "тонировка орка Armalan", "amount": 0.0, "min_amount": 0.0, "unit": "0", "import_price": 0.0, "export_price": 0.0, "max_discount": 0.0, "provider": 5, "branch": 1, "created_at": "2024-09-05T05:24:46.159Z"}}, {"model": "mainApp.importproduct", "pk": 3, "fields": {"description": null, "amount": 1.0, "import_price": 63500.0, "total": 63500.0, "debt": 0.0, "product": 8, "provider": 3, "branch": 1, "created_at": "2024-09-04T14:55:13.080Z"}}, {"model": "mainApp.importproduct", "pk": 4, "fields": {"description": null, "amount": 12.0, "import_price": 153000.0, "total": 1836000.0, "debt": 0.0, "product": 9, "provider": 3, "branch": 1, "created_at": "2024-09-04T14:55:13.398Z"}}, {"model": "mainApp.importproduct", "pk": 5, "fields": {"description": null, "amount": 1.0, "import_price": 152400.0, "total": 152400.0, "debt": 0.0, "product": 10, "provider": 3, "branch": 1, "created_at": "2024-09-04T14:55:13.758Z"}}, {"model": "mainApp.importproduct", "pk": 6, "fields": {"description": null, "amount": 21.0, "import_price": 124000.0, "total": 2604000.0, "debt": 0.0, "product": 11, "provider": 3, "branch": 1, "created_at": "2024-09-04T14:55:14.116Z"}}, {"model": "mainApp.importproduct", "pk": 7, "fields": {"description": null, "amount": 6.0, "import_price": 254000.0, "total": 1524000.0, "debt": 0.0, "product": 13, "provider": 3, "branch": 1, "created_at": "2024-09-04T14:55:14.581Z"}}, {"model": "mainApp.importproduct", "pk": 8, "fields": {"description": null, "amount": 3.0, "import_price": 190500.0, "total": 571500.0, "debt": 0.0, "product": 14, "provider": 3, "branch": 1, "created_at": "2024-09-04T14:55:14.951Z"}}, {"model": "mainApp.importproduct", "pk": 9, "fields": {"description": null, "amount": 10.0, "import_price": 65000.0, "total": 650000.0, "debt": 0.0, "product": 15, "provider": 3, "branch": 1, "created_at": "2024-09-04T15:12:36.953Z"}}, {"model": "mainApp.importproduct", "pk": 10, "fields": {"description": null, "amount": 1.0, "import_price": 190500.0, "total": 190500.0, "debt": 0.0, "product": 16, "provider": 3, "branch": 1, "created_at": "2024-09-04T15:12:37.542Z"}}, {"model": "mainApp.importproduct", "pk": 11, "fields": {"description": null, "amount": 7.0, "import_price": 95000.0, "total": 665000.0, "debt": 0.0, "product": 17, "provider": 3, "branch": 1, "created_at": "2024-09-04T15:12:38.128Z"}}, {"model": "mainApp.importproduct", "pk": 12, "fields": {"description": null, "amount": 2.0, "import_price": 152400.0, "total": 304800.0, "debt": 0.0, "product": 18, "provider": 3, "branch": 1, "created_at": "2024-09-04T15:12:38.441Z"}}, {"model": "mainApp.importproduct", "pk": 13, "fields": {"description": null, "amount": 1.0, "import_price": 152400.0, "total": 152400.0, "debt": 0.0, "product": 19, "provider": 3, "branch": 1, "created_at": "2024-09-04T15:12:39.123Z"}}, {"model": "mainApp.importproduct", "pk": 14, "fields": {"description": null, "amount": 1.0, "import_price": 152400.0, "total": 152400.0, "debt": 0.0, "product": 20, "provider": 3, "branch": 1, "created_at": "2024-09-04T15:12:39.426Z"}}, {"model": "mainApp.importproduct", "pk": 15, "fields": {"description": null, "amount": 2.0, "import_price": 100000.0, "total": 200000.0, "debt": 0.0, "product": 21, "provider": 3, "branch": 1, "created_at": "2024-09-04T15:12:39.881Z"}}, {"model": "mainApp.importproduct", "pk": 16, "fields": {"description": null, "amount": 4.0, "import_price": 60000.0, "total": 240000.0, "debt": 0.0, "product": 22, "provider": 3, "branch": 1, "created_at": "2024-09-04T16:23:45.322Z"}}, {"model": "mainApp.importproduct", "pk": 17, "fields": {"description": null, "amount": 2.0, "import_price": 80000.0, "total": 160000.0, "debt": 0.0, "product": 23, "provider": 3, "branch": 1, "created_at": "2024-09-04T16:23:45.777Z"}}, {"model": "mainApp.importproduct", "pk": 18, "fields": {"description": null, "amount": 1.0, "import_price": 80000.0, "total": 80000.0, "debt": 0.0, "product": 24, "provider": 3, "branch": 1, "created_at": "2024-09-04T16:23:46.068Z"}}, {"model": "mainApp.importproduct", "pk": 19, "fields": {"description": null, "amount": 10.0, "import_price": 10000.0, "total": 100000.0, "debt": 0.0, "product": 25, "provider": 3, "branch": 1, "created_at": "2024-09-04T16:23:46.364Z"}}, {"model": "mainApp.importproduct", "pk": 20, "fields": {"description": null, "amount": 7.0, "import_price": 10000.0, "total": 70000.0, "debt": 0.0, "product": 26, "provider": 3, "branch": 1, "created_at": "2024-09-04T16:23:46.651Z"}}, {"model": "mainApp.importproduct", "pk": 21, "fields": {"description": null, "amount": 4.0, "import_price": 250000.0, "total": 1000000.0, "debt": 0.0, "product": 27, "provider": 3, "branch": 1, "created_at": "2024-09-04T16:23:47.424Z"}}, {"model": "mainApp.importproduct", "pk": 22, "fields": {"description": null, "amount": 1.0, "import_price": 250000.0, "total": 250000.0, "debt": 0.0, "product": 28, "provider": 3, "branch": 1, "created_at": "2024-09-04T16:23:48.074Z"}}, {"model": "mainApp.importproduct", "pk": 23, "fields": {"description": null, "amount": 28.0, "import_price": 145000.0, "total": 4060000.0, "debt": 0.0, "product": 29, "provider": 3, "branch": 1, "created_at": "2024-09-04T16:23:48.371Z"}}, {"model": "mainApp.importproduct", "pk": 24, "fields": {"description": null, "amount": 7.0, "import_price": 1255000.0, "total": 8785000.0, "debt": 0.0, "product": 30, "provider": 3, "branch": 1, "created_at": "2024-09-04T16:23:48.665Z"}}, {"model": "mainApp.importproduct", "pk": 25, "fields": {"description": null, "amount": 12.0, "import_price": 400000.0, "total": 4800000.0, "debt": 0.0, "product": 31, "provider": 3, "branch": 1, "created_at": "2024-09-04T16:23:48.952Z"}}, {"model": "mainApp.importproduct", "pk": 26, "fields": {"description": null, "amount": 11.0, "import_price": 1270000.0, "total": 13970000.0, "debt": 0.0, "product": 32, "provider": 3, "branch": 1, "created_at": "2024-09-04T16:23:49.245Z"}}, {"model": "mainApp.importproduct", "pk": 27, "fields": {"description": null, "amount": 2.0, "import_price": 300000.0, "total": 600000.0, "debt": 0.0, "product": 33, "provider": 3, "branch": 1, "created_at": "2024-09-04T16:23:49.538Z"}}, {"model": "mainApp.importproduct", "pk": 28, "fields": {"description": null, "amount": 6.0, "import_price": 150000.0, "total": 900000.0, "debt": 0.0, "product": 34, "provider": 3, "branch": 1, "created_at": "2024-09-04T16:23:49.997Z"}}, {"model": "mainApp.importproduct", "pk": 29, "fields": {"description": null, "amount": 7.5, "import_price": 200000.0, "total": 1500000.0, "debt": 0.0, "product": 12, "provider": 3, "branch": 1, "created_at": "2024-09-04T16:23:50.300Z"}}, {"model": "mainApp.importproduct", "pk": 30, "fields": {"description": null, "amount": 2.7, "import_price": 126000.0, "total": 340200.0, "debt": 0.0, "product": 35, "provider": 4, "branch": 1, "created_at": "2024-09-04T16:27:19.919Z"}}, {"model": "mainApp.importproduct", "pk": 31, "fields": {"description": null, "amount": 1.55, "import_price": 109220.0, "total": 169291.0, "debt": 0.0, "product": 36, "provider": 4, "branch": 1, "created_at": "2024-09-04T16:27:20.193Z"}}, {"model": "mainApp.service", "pk": 2, "fields": {"name": "замена масла в ДВС", "price": 100000.0, "branch": 1, "created_at": "2024-09-04T14:57:41.264Z"}}, {"model": "mainApp.service", "pk": 3, "fields": {"name": "замена масло в редукторе", "price": 150000.0, "branch": 1, "created_at": "2024-09-04T14:58:05.817Z"}}, {"model": "mainApp.service", "pk": 4, "fields": {"name": "установка проводки для антирадара", "price": 100000.0, "branch": 1, "created_at": "2024-09-04T15:03:58.777Z"}}, {"model": "mainApp.service", "pk": 5, "fields": {"name": "диагностика", "price": 100000.0, "branch": 1, "created_at": "2024-09-04T15:04:45.867Z"}}, {"model": "mainApp.service", "pk": 6, "fields": {"name": "подтяжка ходовой", "price": 100000.0, "branch": 1, "created_at": "2024-09-04T15:05:15.554Z"}}, {"model": "statsApp.expensetype", "pk": 46, "fields": {"name": "обед", "branch": 1}}, {"model": "statsApp.expensetype", "pk": 47, "fields": {"name": "мойка", "branch": 1}}, {"model": "statsApp.expensetype", "pk": 48, "fields": {"name": "бензин", "branch": 1}}, {"model": "statsApp.expensetype", "pk": 49, "fields": {"name": "такси", "branch": 1}}, {"model": "statsApp.expensetype", "pk": 50, "fields": {"name": "тош такси", "branch": 1}}, {"model": "statsApp.order", "pk": 9, "fields": {"description": null, "total": 0.0, "paid": 0.0, "debt": 0.0, "created_at": "2024-09-05T04:54:08.316Z", "customer": null, "car": null, "car_kilometers_odo": 0.0, "car_kilometers_hev": 0.0, "car_kilometers_ev": 0.0, "branch": 1, "manager": null}}]